{"vertices":[-14.60956,-1.266416,34.314232,15.445139,-1.266408,-11.603172,15.470539,-1.266416,34.314232,-14.60956,-1.266408,-11.638172,0.14054,-1.266404,-41.737473,15.445139,-1.266408,-11.603172,15.445139,-1.266408,-11.603172,0.14054,-1.266404,-41.737473,25.662041,-1.266408,-11.676872,-14.60956,15.813486,34.314232,15.445139,15.813492,-11.60317,-14.60956,15.813492,-11.63817,-14.60956,15.813492,-11.63817,0.14054,15.813498,-41.737469,-24.85746,15.813492,-11.67687,25.662041,15.813492,-11.67687,0.14054,15.813498,-41.737469,15.445139,15.813492,-11.60317,15.470539,-1.266416,34.314232,-14.60956,15.813486,34.314232,-14.60956,-1.266416,34.314232,15.445139,-1.266408,-11.603172,15.470539,15.813486,34.314232,15.470539,-1.266416,34.314232,25.662041,-1.266408,-11.676872,15.445139,15.813492,-11.60317,15.445139,-1.266408,-11.603172,0.14054,-1.266404,-41.737473,25.662041,15.813492,-11.67687,25.662041,-1.266408,-11.676872,-24.85746,-1.266408,-11.676872,0.14054,15.813498,-41.737469,0.14054,-1.266404,-41.737473,-14.60956,-1.266408,-11.638172,-24.85746,15.813492,-11.67687,-24.85746,-1.266408,-11.676872,-14.60956,-1.266416,34.314232,-14.60956,15.813492,-11.63817,-14.60956,-1.266408,-11.638172,-14.60956,-1.266416,34.314232,-14.60956,-1.266408,-11.638172,15.445139,-1.266408,-11.603172,-14.60956,-1.266408,-11.638172,-24.85746,-1.266408,-11.676872,0.14054,-1.266404,-41.737473,-14.60956,15.813486,34.314232,15.470539,15.813486,34.314232,15.445139,15.813492,-11.60317,-14.60956,15.813492,-11.63817,15.445139,15.813492,-11.60317,0.14054,15.813498,-41.737469,15.470539,-1.266416,34.314232,15.470539,15.813486,34.314232,-14.60956,15.813486,34.314232,15.445139,-1.266408,-11.603172,15.445139,15.813492,-11.60317,15.470539,15.813486,34.314232,25.662041,-1.266408,-11.676872,25.662041,15.813492,-11.67687,15.445139,15.813492,-11.60317,0.14054,-1.266404,-41.737473,0.14054,15.813498,-41.737469,25.662041,15.813492,-11.67687,-24.85746,-1.266408,-11.676872,-24.85746,15.813492,-11.67687,0.14054,15.813498,-41.737469,-14.60956,-1.266408,-11.638172,-14.60956,15.813492,-11.63817,-24.85746,15.813492,-11.67687,-14.60956,-1.266416,34.314232,-14.60956,15.813486,34.314232,-14.60956,15.813492,-11.63817],"normals":[0,-1,0,0,-1,0,0,-1,0,0,-1,0,0,-1,0,0,-1,0,0,-1,0,0,-1,0,0,-1,0,0,1,0,0,1,0,0,1,0,0,1,0,0,1,0,0,1,0,0,1,0,0,1,0,0,1,0,0,0,1,0,0,1,0,0,1,0.7098,0,0.7044,1,0,-0.0006,1,0,-0.0006,0.0072,0,1,0.7098,0,0.7044,0.7098,0,0.7044,-0.0051,0,-1,0.7623,0,-0.6472,0.7623,0,-0.6472,-0.7689,0,-0.6394,-0.0051,0,-1,-0.0051,0,-1,-0.7084,0,0.7058,-0.0038,0,1,-0.0038,0,1,-1,0,0,-0.7084,0,0.7058,-0.7084,0,0.7058,0,-1,0,0,-1,0,0,-1,0,0,-1,0,0,-1,0,0,-1,0,0,1,0,0,1,0,0,1,0,0,1,0,0,1,0,0,1,0,0,0,1,0,0,1,0,0,1,0.7098,0,0.7044,0.7098,0,0.7044,1,0,-0.0006,0.0072,0,1,0.0072,0,1,0.7098,0,0.7044,-0.0051,0,-1,-0.0051,0,-1,0.7623,0,-0.6472,-0.7689,0,-0.6394,-0.7689,0,-0.6394,-0.0051,0,-1,-0.7084,0,0.7058,-0.7084,0,0.7058,-0.0038,0,1,-1,0,0,-1,0,0,-0.7084,0,0.7058],"texcoords":[1,1,0.5,0.5,0.5,1,1,0.5,0.5,0,0.5,0.5,0.5,0.5,0.5,0,0,0,0,1,0.5,0.5,0,0.5,0,0.5,0.5,0,0,0,1,0,0.5,0,0.5,0.5,0.5,1,0,0,0,1,0.5,1,0,0,0,1,1,1,0.5,0,0.5,1,0.5,1,0,0,0,1,1,1,0.5,0,0.5,1,0.5,1,0,0,0,1,1,1,0.5,0,0.5,1,1,1,1,0.5,0.5,0.5,1,0.5,1,0,0.5,0,0,1,0.5,1,0.5,0.5,0,0.5,0.5,0.5,0.5,0,0.5,1,0.5,0,0,0,0.5,1,0.5,0,0,0,1,1,1,0,0.5,0,0.5,1,0.5,0,0,0,1,1,1,0,0.5,0,0.5,1,0.5,0,0,0,1,1,1,0,0.5,0],"indices":[0,1,2,3,4,5,6,7,8,9,10,11,12,13,14,15,16,17,18,19,20,21,22,23,24,25,26,27,28,29,30,31,32,33,34,35,36,37,38,39,40,41,42,43,44,45,46,47,48,49,50,51,52,53,54,55,56,57,58,59,60,61,62,63,64,65,66,67,68,69,70,71]}